<?xml version="1.0" encoding="UTF-8"?>

<configuration scan="true">
    <include resource="org/springframework/boot/logging/logback/base.xml"/>

    <!-- The FILE and ASYNC appenders are here as examples for a production configuration -->
    <appender name="card" class="ch.qos.logback.core.rolling.RollingFileAppender">
        <file>D:/logs/spring-boot/card.log</file>
        <rollingPolicy class="ch.qos.logback.core.rolling.SizeAndTimeBasedRollingPolicy">
            <fileNamePattern>D:/logs/spring-boot/card.%d{yyyy-MM-dd}.%i.log</fileNamePattern>
            <maxFileSize>128MB</maxFileSize>
            <maxHistory>30</maxHistory>
            <totalSizeCap>2GB</totalSizeCap>
        </rollingPolicy>
        <encoder>
            <charset>utf-8</charset>
            <Pattern>%d %-5level [%thread] %logger{50}: %msg%n</Pattern>
        </encoder>
    </appender>

    <logger name="CARD" level="DEBUG" additivity="false">
        <!--日志输出到文件 -->
        <appender-ref ref="card"/>
    </logger>

    <appender name="test" class="ch.qos.logback.core.rolling.RollingFileAppender">
        <file>D:/logs/spring-boot/test.log</file>
        <rollingPolicy class="ch.qos.logback.core.rolling.SizeAndTimeBasedRollingPolicy">
            <fileNamePattern>D:/logs/spring-boot/test.%d{yyyy-MM-dd}.%i.log</fileNamePattern>
            <maxFileSize>128MB</maxFileSize>
            <maxHistory>30</maxHistory>
            <totalSizeCap>2GB</totalSizeCap>
        </rollingPolicy>
        <encoder>
            <charset>utf-8</charset>
            <Pattern>%d %-5level [%thread] %logger{50}: %msg%n</Pattern>
        </encoder>
    </appender>

    <logger name="TEST" level="DEBUG" additivity="false">
        <!--日志输出到文件 -->
        <appender-ref ref="test"/>
    </logger>
    <!--
        <appender name="ASYNC" class="ch.qos.logback.classic.AsyncAppender">
            <queueSize>512</queueSize>
            <appender-ref ref="FILE"/>
        </appender>
        <logger name="com.framework" level="#logback.loglevel#"/>
    -->

    <logger name="javax.activation" level="WARN"/>
    <logger name="javax.mail" level="WARN"/>
    <logger name="javax.xml.bind" level="WARN"/>
    <logger name="ch.qos.logback" level="WARN"/>
    <logger name="com.codahale.metrics" level="WARN"/>
    <logger name="com.ryantenney" level="WARN"/>
    <logger name="com.sun" level="WARN"/>
    <logger name="com.zaxxer" level="WARN"/>
    <logger name="io.undertow" level="WARN"/>
    <logger name="io.undertow.websockets.jsr" level="ERROR"/>
    <logger name="org.apache" level="WARN"/>
    <logger name="org.apache.catalina.startup.DigesterFactory" level="OFF"/>
    <logger name="org.bson" level="WARN"/>
    <logger name="org.hibernate.validator" level="WARN"/>
    <logger name="org.hibernate" level="WARN"/>
    <logger name="org.hibernate.ejb.HibernatePersistence" level="OFF"/>
    <logger name="org.springframework" level="INFO"/>
    <logger name="org.springframework.web" level="INFO"/>
    <logger name="org.springframework.security" level="WARN"/>
    <logger name="org.springframework.cache" level="WARN"/>
    <logger name="org.thymeleaf" level="WARN"/>
    <logger name="org.xnio" level="WARN"/>
    <logger name="springfox" level="WARN"/>
    <logger name="sun.rmi" level="WARN"/>
    <logger name="liquibase" level="WARN"/>
    <logger name="LiquibaseSchemaResolver" level="INFO"/>
    <logger name="sun.rmi.transport" level="WARN"/>
    <logger name="com.netflix" level="INFO"/>

    <!-- mybatis loggers -->
    <logger name="com.ibatis" level="DEBUG"/>
    <logger name="com.ibatis.common.jdbc.SimpleDataSource" level="DEBUG"/>
    <logger name="com.ibatis.common.jdbc.ScriptRunner" level="DEBUG"/>
    <logger name="com.ibatis.sqlmap.engine.impl.SqlMapClientDelegate" level="DEBUG"/>
    <!-- sql loggers -->
    <logger name="java.sql.Connection" level="DEBUG" additivity="true"/>
    <logger name="java.sql.Statement" level="DEBUG" additivity="true"/>
    <logger name="java.sql.PreparedStatement" level="=debug,stdout" additivity="true"/>
    <logger name="java.sql.ResultSet" level="DEBUG" additivity="true"/>
    <logger name="java.sql.Connection" level="DEBUG"/>
    <logger name="java.sql.Statement" level="DEBUG"/>
    <logger name="java.sql.PreparedStatement" level="DEBUG"/>
    <logger name="druid.sql.Statement" level="WRAN"/>
    <logger name="com.framework.mybatis" level="TRACE"/>

    <contextListener class="ch.qos.logback.classic.jul.LevelChangePropagator">
        <resetJUL>true</resetJUL>
    </contextListener>

    <!--  <root level="#logback.loglevel#">
         <appender-ref ref="CONSOLE"/>
     </root> -->
    <root level="INFO">
        <appender-ref ref="CONSOLE"/>
        <appender-ref ref="test"/>
    </root>
</configuration>
